{
  "method": "SAE-COT",
  "layer": [
    14
  ],
  "top_idx": {
    "14": [
      13918,
      13332,
      15297,
      1618,
      14769,
      9007,
      14929,
      10906,
      4900,
      11113,
      2390,
      13149,
      13464,
      15567,
      2949
    ]
  },
  "top_k": 15,
  "value_mode": "target_mean",
  "max_act": 1.0,
  "score_stats": {
    "14": {
      "score_mean": -0.0007903077639639378,
      "score_abs_mean": 0.0072226147167384624,
      "score_abs_max": 1.830281376838684
    }
  },
  "n_target": 1000,
  "n_contrast": 1000
}