{
  "method": "SAE-COT",
  "layer": [
    14
  ],
  "top_idx": {
    "14": [
      11575,
      15297,
      7214,
      15567,
      3296,
      6699,
      16123,
      579,
      1802,
      2156,
      1764,
      16270,
      12313,
      2544,
      14576
    ]
  },
  "top_k": 15,
  "value_mode": "target_mean",
  "max_act": 1.0,
  "score_stats": {
    "14": {
      "score_mean": -0.0029529747553169727,
      "score_abs_mean": 0.021965928375720978,
      "score_abs_max": 10.844402313232422
    }
  },
  "n_target": 1000,
  "n_contrast": 1000
}