{
  "method": "SAE-COT",
  "layer": [
    14
  ],
  "top_idx": {
    "14": [
      14769,
      10414,
      15887,
      10430,
      14929,
      11113,
      5475,
      2949,
      1538,
      6648,
      13718,
      1736,
      8021,
      1582,
      8398
    ]
  },
  "top_k": 15,
  "value_mode": "target_mean",
  "max_act": 1.0,
  "score_stats": {
    "14": {
      "score_mean": -0.00024619215400889516,
      "score_abs_mean": 0.0047705164179205894,
      "score_abs_max": 2.7852895259857178
    }
  },
  "n_target": 410,
  "n_contrast": 410
}